game_id,season,date,time_utc,start_time_iso,home_team,away_team,opponent,designation,venue,location,status,home_score,away_score,tickets_url
game-vs-christopher-newport-on-09172021-0f476n5c1yj,2021-2022,2021-09-18,01:15:00,2021-09-18T01:15:00Z,East Carolina University,Christopher Newport,Christopher Newport,Home,Carolina Ice Zone,Carolina Ice Zone,L,3,4,https://www.ecuhockey.com/tickets
game-vs-christopher-newport-on-09182021-o7pno91zquo,2021-2022,2021-09-19,01:15:00,2021-09-19T01:15:00Z,East Carolina University,Christopher Newport,Christopher Newport,Home,Carolina Ice Zone,Carolina Ice Zone,W,7,6,https://www.ecuhockey.com/tickets
game-vs-william-mary-on-10012021-qde1gui02e,2021-2022,2021-10-02,01:15:00,2021-10-02T01:15:00Z,East Carolina University,William & Mary,William & Mary,Home,Carolina Ice Zone,Carolina Ice Zone,W,12,0,https://www.ecuhockey.com/tickets
game-vs-appalachian-state-on-10082021-jswtboim9e,2021-2022,2021-10-09,01:15:00,2021-10-09T01:15:00Z,East Carolina University,Appalachian State University,Appalachian State University,Home,Carolina Ice Zone,Carolina Ice Zone,W,5,4,https://www.ecuhockey.com/tickets
game-vs-appalachian-state-on-10092021-7qgrnbe70de,2021-2022,2021-10-10,01:15:00,2021-10-10T01:15:00Z,East Carolina University,Appalachian State University,Appalachian State University,Home,Carolina Ice Zone,Carolina Ice Zone,W,5,4,https://www.ecuhockey.com/tickets
game-vs-old-dominion-on-10152021-7bliufq6xva,2021-2022,2021-10-16,01:15:00,2021-10-16T01:15:00Z,East Carolina University,Old Dominion,Old Dominion,Home,Home,Home,W,15,1,https://www.ecuhockey.com/tickets
game-vs-old-dominion-on-10162021-0opsxlltwsbc,2021-2022,2021-10-17,01:15:00,2021-10-17T01:15:00Z,East Carolina University,Old Dominion,Old Dominion,Home,Home,Home,W,7,2,https://www.ecuhockey.com/tickets
game-vs-high-point-on-10232021-0orqa632rvs,2021-2022,2021-10-23,23:00:00,2021-10-23T23:00:00Z,High Point M2A,East Carolina University,High Point M2A,Away,"Greensboro, NC, USA","Greensboro, NC, USA",W,2,3,
ecu-away-high-point-m2a-20211023,2021-2022,2021-10-23,23:00:00,2021-10-23T23:00:00Z,High Point M2A,East Carolina University,High Point M2A,Away,"Greensboro, NC, USA","Greensboro, NC, USA",W,2,3,
game-vs-high-point-on-10242021-kwqx627t,2021-2022,2021-10-24,23:00:00,2021-10-24T23:00:00Z,High Point M2A,East Carolina University,High Point M2A,Away,"Winston-Salem, NC, USA","Winston-Salem, NC, USA",W,1,9,
ecu-away-high-point-m2a-20211024,2021-2022,2021-10-24,23:00:00,2021-10-24T23:00:00Z,High Point M2A,East Carolina University,High Point M2A,Away,"Winston-Salem, NC, USA","Winston-Salem, NC, USA",W,1,9,
game-vs-uncw-on-10292021-vgosdkqjcm7,2021-2022,2021-10-30,02:00:00,2021-10-30T02:00:00Z,UNC Wilmington,East Carolina University,UNC Wilmington,Away,Away,Away,W,2,3,
game-vs-citadel-on-11052021-kwqxen97,2021-2022,2021-11-06,01:15:00,2021-11-06T01:15:00Z,East Carolina University,Citadel,Citadel,Home,Carolina Ice Zone,Carolina Ice Zone,W,10,0,https://www.ecuhockey.com/tickets
ecu-home-liberty-m2a-20211113,2021-2022,2021-11-13,00:00:00,2021-11-13T00:00:00Z,East Carolina University,Liberty M2A,Liberty M2A,Home,TBD,TBD,W,5,4,https://www.ecuhockey.com/tickets
ecu-home-liberty-m2a-20211114,2021-2022,2021-11-14,00:00:00,2021-11-14T00:00:00Z,East Carolina University,Liberty M2A,Liberty M2A,Home,TBD,TBD,L,1,4,https://www.ecuhockey.com/tickets
game-vs-liberty-university-on-11132021-p340fu6rm9p,2021-2022,2021-11-14,03:15:00,2021-11-14T03:15:00Z,Liberty University,East Carolina University,Liberty University,Away,Away,Away,L,5,4,
game-vs-liberty-university-on-11142021-giotxrnj7y5,2021-2022,2021-11-14,18:30:00,2021-11-14T18:30:00Z,Liberty University,East Carolina University,Liberty University,Away,Away,Away,W,1,4,
ecu-away-naval-academy-20211120,2021-2022,2021-11-20,00:00:00,2021-11-20T00:00:00Z,Naval Academy,East Carolina University,Naval Academy,Away,"Annapolis, MD, USA","Annapolis, MD, USA",W,2,7,
game-vs-navy-on-11192021-kwqxhi80,2021-2022,2021-11-20,03:10:00,2021-11-20T03:10:00Z,Navy,East Carolina University,Navy,Away,McMullen Arena,McMullen Arena,L,7,2,
game-vs-stevenson-on-01152022-kyc5l7k6,2021-2022,2022-01-16,02:15:00,2022-01-16T02:15:00Z,East Carolina University,Stevenson,Stevenson,Home,Carolina Ice Zone,Carolina Ice Zone,Cancelled,,,https://www.ecuhockey.com/tickets
game-vs-christopher-newport-on-01212022-w5kzukh8rfj,2021-2022,2022-01-22,03:00:00,2022-01-22T03:00:00Z,Christopher Newport,East Carolina University,Christopher Newport,Away,Hampton Roads Iceplex,Hampton Roads Iceplex,Cancelled,,,
game-vs-christopher-newport-on-01222022-38gc4r83ebh,2021-2022,2022-01-22,21:15:00,2022-01-22T21:15:00Z,Christopher Newport,East Carolina University,Christopher Newport,Away,Hampton Roads Iceplex,Hampton Roads Iceplex,Cancelled,,,
ecu-home-coastal-20220129,2021-2022,2022-01-29,00:00:00,2022-01-29T00:00:00Z,East Carolina University,Coastal,Coastal,Home,TBD,TBD,L,3,4,https://www.ecuhockey.com/tickets
game-vs-costal-carolina-on-01282022-i0ml4lmq54s,2021-2022,2022-01-29,03:00:00,2022-01-29T03:00:00Z,Costal Carolina,East Carolina University,Costal Carolina,Away,Wilmington Ice House,Wilmington Ice House,W,3,4,
ecu-away-coastal-20220130,2021-2022,2022-01-30,00:00:00,2022-01-30T00:00:00Z,Coastal,East Carolina University,Coastal,Away,"Wilmington, NC, USA","Wilmington, NC, USA",L,6,1,
game-vs-costal-carolina-on-01292022-lzzona2ydq,2021-2022,2022-01-30,03:00:00,2022-01-30T03:00:00Z,Costal Carolina,East Carolina University,Costal Carolina,Away,Wilmington Ice House,Wilmington Ice House,W,1,6,
ecu-home-nc-state-university-20220205,2021-2022,2022-02-05,00:00:00,2022-02-05T00:00:00Z,East Carolina University,NC State University,NC State University,Home,"Wilmington, NC, USA","Wilmington, NC, USA",L,0,8,https://www.ecuhockey.com/tickets
game-vs-north-carolina-state-on-02042022-kwqxqrmc,2021-2022,2022-02-05,00:45:00,2022-02-05T00:45:00Z,NC State University,East Carolina University,NC State University,Away,Wake Competition Center,"Invisalign Arena, 1001 Competition Dr, Morrisville, NC 27560",W,0,8,
game-vs-charleston-on-02112022-yo37tfhscac,2021-2022,2022-02-12,00:00:00,2022-02-12T00:00:00Z,Coll of Charleston,East Carolina University,Coll of Charleston,Away,"Charleston, SC, USA","Charleston, SC, USA",W,2,6,
ecu-away-coll-of-charleston-20220212,2021-2022,2022-02-12,00:00:00,2022-02-12T00:00:00Z,Coll of Charleston,East Carolina University,Coll of Charleston,Away,"Charleston, SC, USA","Charleston, SC, USA",W,2,6,
game-vs-charleston-on-02122022-zjkhmxhokh,2021-2022,2022-02-13,00:00:00,2022-02-13T00:00:00Z,Coll of Charleston,East Carolina University,Coll of Charleston,Away,"Charleston, SC, USA","Charleston, SC, USA",L,5,2,
ecu-away-coll-of-charleston-20220213,2021-2022,2022-02-13,00:00:00,2022-02-13T00:00:00Z,Coll of Charleston,East Carolina University,Coll of Charleston,Away,"Charleston, SC, USA","Charleston, SC, USA",L,5,2,
game-vs-birmingham-on-02192022-0lirkprp19c,2021-2022,2022-02-20,02:15:00,2022-02-20T02:15:00Z,East Carolina University,West Virginia,West Virginia,Home,Carolina Ice Zone,Carolina Ice Zone,Cancelled,,,https://www.ecuhockey.com/tickets
game-vs-birmingham-on-02202022-t4b65cuofv8,2021-2022,2022-02-20,15:30:00,2022-02-20T15:30:00Z,East Carolina University,West Virginia,West Virginia,Home,Carolina Ice Zone,Carolina Ice Zone,Cancelled,,,https://www.ecuhockey.com/tickets
game-vs-west-virginia-on-02252022-kzw9co13,2021-2022,2022-02-25,21:30:00,2022-02-25T21:30:00Z,East Carolina University,West Virginia,West Virginia,Home,LaHaye Ice Center,LaHaye Ice Center,W,7,3,https://www.ecuhockey.com/tickets
game-vs-costal-carolina-on-02262022-l05y3otj,2021-2022,2022-02-27,01:00:00,2022-02-27T01:00:00Z,East Carolina University,Costal Carolina,Costal Carolina,Home,LaHaye Ice Center,LaHaye Ice Center,L,2,3,https://www.ecuhockey.com/tickets
game-vs-st-bonaventure-on-03182022-l0pq9hrp,2021-2022,2022-03-18,17:15:00,2022-03-18T17:15:00Z,St. Bonaventure,East Carolina University,St. Bonaventure,Away,"Ice Line - West Chester, PA","Ice Line - West Chester, PA",W,4,9,
game-vs-farmingdale-state-on-03192022-l0pqa3n9,2021-2022,2022-03-19,16:00:00,2022-03-19T16:00:00Z,Farmingdale State,East Carolina University,Farmingdale State,Away,"Ice Line - West Chester, PA","Ice Line - West Chester, PA",W,2,7,
game-vs-penn-state-harrisburg-on-03202022-l0pqaybi,2021-2022,2022-03-20,14:00:00,2022-03-20T14:00:00Z,East Carolina University,Penn State Harrisburg,Penn State Harrisburg,Home,"Ice Line - West Chester, PA","Ice Line - West Chester, PA",W,6,1,https://www.ecuhockey.com/tickets
game-vs-charlotte-on-09162022-l7z5mdw6,2022-2023,2022-09-16,23:00:00,2022-09-16T23:00:00Z,UNC Charlotte,East Carolina University,UNC Charlotte,Away,"Charlotte, NC, USA","Charlotte, NC, USA",L,7,4,
ecu-away-unc-charlotte-20220916,2022-2023,2022-09-16,23:00:00,2022-09-16T23:00:00Z,UNC Charlotte,East Carolina University,UNC Charlotte,Away,"Charlotte, NC, USA","Charlotte, NC, USA",L,7,4,
game-vs-charlotte-on-09172022-l7z5mxes,2022-2023,2022-09-17,23:00:00,2022-09-17T23:00:00Z,UNC Charlotte,East Carolina University,UNC Charlotte,Away,"Charlotte, NC, USA","Charlotte, NC, USA",W,4,6,
ecu-away-unc-charlotte-20220917,2022-2023,2022-09-17,23:00:00,2022-09-17T23:00:00Z,UNC Charlotte,East Carolina University,UNC Charlotte,Away,"Charlotte, NC, USA","Charlotte, NC, USA",W,4,6,
ecu-away-elon-university-20220924,2022-2023,2022-09-24,23:00:00,2022-09-24T23:00:00Z,Elon University,East Carolina University,Elon University,Away,"Hillsborough, NC, USA","Hillsborough, NC, USA",Scheduled,,,
game-vs-uncw-on-10012022-l7z5w2ax,2022-2023,2022-10-02,02:00:00,2022-10-02T02:00:00Z,UNC Wilmington,East Carolina University,UNC Wilmington,Away,Wilmington Ice House,Wilmington Ice House,L,3,2,
ecu-away-unc-wilmington-20221002,2022-2023,2022-10-02,02:00:00,2022-10-02T02:00:00Z,UNC Wilmington,East Carolina University,UNC Wilmington,Away,Wilmington Ice House,Wilmington Ice House,L,3,2,
ecu-away-unc-chapel-hill-20221008,2022-2023,2022-10-08,02:15:00,2022-10-08T02:15:00Z,UNC Chapel Hill,East Carolina University,UNC Chapel Hill,Away,"Orange County Sports Complex (NC), 101 Meadowlands Dr, Hillsborough, NC 27278","Orange County Sports Complex (NC), 101 Meadowlands Dr, Hillsborough, NC 27278",L,6,0,
game-vs-north-carolina-on-10072022-l8yhqatx,2022-2023,2022-10-08,02:15:30,2022-10-08T02:15:30Z,North Carolina,East Carolina University,North Carolina,Away,Orange County spirts plex,Orange County spirts plex,W,0,6,
ecu-away-duke-university-20221015,2022-2023,2022-10-15,23:00:00,2022-10-15T23:00:00Z,Duke University,East Carolina University,Duke University,Away,"Hillsborough, NC, USA","Hillsborough, NC, USA",Scheduled,,,
game-vs-uncw-on-10212022-l7z5ynv3,2022-2023,2022-10-22,02:00:00,2022-10-22T02:00:00Z,UNC Wilmington,East Carolina University,UNC Wilmington,Away,Wilmington Ice House,Wilmington Ice House,L,4,2,
ecu-away-unc-wilmington-20221022,2022-2023,2022-10-22,02:00:00,2022-10-22T02:00:00Z,UNC Wilmington,East Carolina University,UNC Wilmington,Away,Wilmington Ice House,Wilmington Ice House,L,4,2,
game-vs-duke-on-10222022-l8yi19fn,2022-2023,2022-10-22,21:15:00,2022-10-22T21:15:00Z,East Carolina University,Duke University,Duke University,Home,Orange County Sports Plex,Orange County Sports Plex,W,5,1,https://www.ecuhockey.com/tickets
ecu-away-duke-university-20221022,2022-2023,2022-10-22,23:00:00,2022-10-22T23:00:00Z,Duke University,East Carolina University,Duke University,Away,"Hillsborough, NC, USA","Hillsborough, NC, USA",W,1,5,
game-vs-stevenson-on-10282022-l7z5z7wj,2022-2023,2022-10-29,01:15:00,2022-10-29T01:15:00Z,East Carolina University,Stevenson,Stevenson,Home,Carolina Ice Zone,Carolina Ice Zone,W,6,5,https://www.ecuhockey.com/tickets
game-vs-stevenson-on-10292022-l7z60pz8,2022-2023,2022-10-30,01:15:00,2022-10-30T01:15:00Z,East Carolina University,Stevenson,Stevenson,Home,Carolina Ice Zone,Carolina Ice Zone,L,4,5,https://www.ecuhockey.com/tickets
game-vs-georgetown-university-on-11042022-l8yikvij,2022-2023,2022-11-04,18:00:00,2022-11-04T18:00:00Z,Georgetown University,East Carolina University,Georgetown University,Away,"St. James Sports Complex, Springfield, VA","St. James Sports Complex, Springfield, VA",W,2,4,
ecu-away-georgetown-university-20221104,2022-2023,2022-11-04,18:00:00,2022-11-04T18:00:00Z,Georgetown University,East Carolina University,Georgetown University,Away,"St. James Sports Complex, Springfield, VA","St. James Sports Complex, Springfield, VA",W,2,4,
ecu-home-georgetown-university-20221104,2022-2023,2022-11-04,23:00:00,2022-11-04T23:00:00Z,East Carolina University,Georgetown University,Georgetown University,Home,"Springfield, VA, USA - The Saint James","Springfield, VA, USA - The Saint James",W,4,2,https://www.ecuhockey.com/tickets
game-vs-west-virginia-universtiy-on-11052022-l8ying52,2022-2023,2022-11-05,22:00:00,2022-11-05T22:00:00Z,West Virginia University,East Carolina University,West Virginia University,Away,"The St. James, Springfield, VA","The St. James, Springfield, VA",W,3,4,
ecu-away-west-virginia-university-20221105,2022-2023,2022-11-05,22:00:00,2022-11-05T22:00:00Z,West Virginia University,East Carolina University,West Virginia University,Away,"The St. James, Springfield, VA","The St. James, Springfield, VA",W,3,4,
ecu-home-west-virginia-m2-20221105,2022-2023,2022-11-05,23:00:00,2022-11-05T23:00:00Z,East Carolina University,West Virginia M2,West Virginia M2,Home,"Arlington, VA, USA","Arlington, VA, USA",W,4,3,https://www.ecuhockey.com/tickets
game-vs-tampa-on-11062022-l8yio5kg,2022-2023,2022-11-06,23:00:00,2022-11-06T23:00:00Z,Denison University,East Carolina University,Denison University,Away,"The St. James, Springfield, VA","The St. James, Springfield, VA",Otl,4,3,
ecu-away-denison-university-20221106,2022-2023,2022-11-06,23:00:00,2022-11-06T23:00:00Z,Denison University,East Carolina University,Denison University,Away,"The St. James, Springfield, VA","The St. James, Springfield, VA",Otl,4,3,
ecu-home-denison-20221107,2022-2023,2022-11-07,00:00:00,2022-11-07T00:00:00Z,East Carolina University,Denison,Denison,Home,"Arlington, VA, USA","Arlington, VA, USA",L,3,4,https://www.ecuhockey.com/tickets
game-vs-high-point-on-11122022-l8yiphst,2022-2023,2022-11-13,02:15:00,2022-11-13T02:15:00Z,East Carolina University,High Point University,High Point University,Home,Carolina Ice Zone,Carolina Ice Zone,W,7,4,https://www.ecuhockey.com/tickets
game-vs-north-carolina-on-11192022-l8yiqcb7,2022-2023,2022-11-19,22:15:00,2022-11-19T22:15:00Z,North Carolina,East Carolina University,North Carolina,Away,Orange County Sports Plex,Orange County Sports Plex,W,2,6,
ecu-away-unc-chapel-hill-20221119,2022-2023,2022-11-19,22:15:00,2022-11-19T22:15:00Z,UNC Chapel Hill,East Carolina University,UNC Chapel Hill,Away,"Orange County Sports Complex (NC), 101 Meadowlands Dr, Hillsborough, NC 27278","Orange County Sports Complex (NC), 101 Meadowlands Dr, Hillsborough, NC 27278",L,6,2,
game-vs-south-carolina-on-01132023-l8yirf01,2022-2023,2023-01-14,01:00:00,2023-01-14T01:00:00Z,South Carolina,East Carolina University,South Carolina,Away,Irmo Sports Plex,Irmo Sports Plex,W,3,4,
game-vs-south-carolina-on-01142023-l8yis5vh,2022-2023,2023-01-14,22:00:00,2023-01-14T22:00:00Z,South Carolina,East Carolina University,South Carolina,Away,Irmo Sports Plex,Irmo Sports Plex,W,4,10,
game-vs-elon-on-01212023-l8yisyk0,2022-2023,2023-01-22,02:30:00,2023-01-22T02:30:00Z,East Carolina University,Elon University,Elon University,Home,Wake Competition Center,"Invisalign Arena, 1001 Competition Dr, Morrisville, NC 27560",L,2,3,https://www.ecuhockey.com/tickets
game-vs-appalachian-state-on-01272023-l8yj07j7,2022-2023,2023-01-28,02:15:00,2023-01-28T02:15:00Z,East Carolina University,Appalachian State University,Appalachian State University,Home,Carolina Ice Zone,Carolina Ice Zone,W,7,2,https://www.ecuhockey.com/tickets
game-vs-appalachian-state-on-01282023-l8yj0uil,2022-2023,2023-01-29,02:15:00,2023-01-29T02:15:00Z,East Carolina University,Appalachian State University,Appalachian State University,Home,Carolina Ice Zone,Carolina Ice Zone,W,7,1,https://www.ecuhockey.com/tickets
game-vs-elon-on-02102023-l8yj1jzc,2022-2023,2023-02-11,02:15:00,2023-02-11T02:15:00Z,East Carolina University,Elon University,Elon University,Home,Carolina Ice Zone,Carolina Ice Zone,L,2,3,https://www.ecuhockey.com/tickets
game-vs-duke-on-02112023-ld28g5fk,2022-2023,2023-02-11,22:15:00,2023-02-11T22:15:00Z,Duke University,East Carolina University,Duke University,Away,Orange County Sportsplex,"Orange County Sportsplex, 101 Meadowlands Dr, Hillsborough, NC 27278",Scheduled,,,
game-vs-charlotte-on-02172023-lfsot8lm,2022-2023,2023-02-17,23:00:00,2023-02-17T23:00:00Z,UNC Charlotte,East Carolina University,UNC Charlotte,Away,Carolina Ice Zone,Carolina Ice Zone,W,1,2,
game-vs-north-carolina-state-on-09082023-lmo2ms07,2023-2024,2023-09-09,00:15:00,2023-09-09T00:15:00Z,NC State University,East Carolina University,NC State University,Away,"Wake Competition Center (NC), Competition Ctr Dr, Morrisville, NC 27560","Invisalign Arena, 1001 Competition Dr, Morrisville, NC 27560",L,17,3,
ecu-away-nc-state-university-20230909,2023-2024,2023-09-09,00:15:00,2023-09-09T00:15:00Z,NC State University,East Carolina University,NC State University,Away,"Wake Competition Center (NC), Competition Ctr Dr, Morrisville, NC 27560","Invisalign Arena, 1001 Competition Dr, Morrisville, NC 27560",L,17,3,
game-vs-appalachian-state-on-09152023-lmo2psfa,2023-2024,2023-09-16,02:30:00,2023-09-16T02:30:00Z,Appalachian State University,East Carolina University,Appalachian State University,Away,Ice House,"The Factory Ice House, 1839 S Main St, Wake Forest, NC 27587",L,6,4,
ecu-home-2-20230923,2023-2024,2023-09-23,23:00:00,2023-09-23T23:00:00Z,East Carolina University,2,2,Home,Charlotte,Charlotte,Scheduled,,,https://www.ecuhockey.com/tickets
game-vs-charlotte-on-09232023-lmo2u9j9,2023-2024,2023-09-24,00:30:00,2023-09-24T00:30:00Z,UNC Charlotte,East Carolina University,UNC Charlotte,Away,Extreme Ice Center,Extreme Ice Center,L,5,2,
ecu-away-unc-charlotte-20230924,2023-2024,2023-09-24,00:30:00,2023-09-24T00:30:00Z,UNC Charlotte,East Carolina University,UNC Charlotte,Away,Extreme Ice Center,Extreme Ice Center,L,5,2,
ecu-away-unc-chapel-hill-20230930,2023-2024,2023-09-30,21:45:00,2023-09-30T21:45:00Z,UNC Chapel Hill,East Carolina University,UNC Chapel Hill,Away,"Orange County Sports Complex (NC), 101 Meadowlands Dr, Hillsborough, NC 27278","Orange County Sports Complex (NC), 101 Meadowlands Dr, Hillsborough, NC 27278",L,9,1,
game-vs-north-carolina-on-09302023-lmo2vttj,2023-2024,2023-09-30,22:15:00,2023-09-30T22:15:00Z,North Carolina,East Carolina University,North Carolina,Away,Orange Country Sportsplex,Orange Country Sportsplex,W,1,9,
game-vs-high-point-on-10022023-ln9g3d0p,2023-2024,2023-10-01,15:00:00,2023-10-01T15:00:00Z,High Point University,East Carolina University,High Point University,Away,Carolina Ice Zone,Carolina Ice Zone,W,3,10,
game-vs-costal-carolina-on-10132023-lmo2wowj,2023-2024,2023-10-14,00:45:00,2023-10-14T00:45:00Z,Coastal Carolina,East Carolina University,Coastal Carolina,Away,Ice Palace,Ice Palace,T,2,2,
game-vs-costal-carolina-on-10142023-lmo2xe5e,2023-2024,2023-10-14,17:00:00,2023-10-14T17:00:00Z,Costal Carolina,East Carolina University,Costal Carolina,Away,Ice Palace,Ice Palace,Scheduled,,,
ecu-home-7-20231020,2023-2024,2023-10-20,23:00:00,2023-10-20T23:00:00Z,East Carolina University,7,7,Home,Duke,Duke,Scheduled,,,https://www.ecuhockey.com/tickets
game-vs-duke-on-10202023-lmo2y6jm,2023-2024,2023-10-21,02:15:00,2023-10-21T02:15:00Z,Duke University,East Carolina University,Duke University,Away,"Orange County Sports Complex (NC), 101 Meadowlands Dr, Hillsborough, NC 27278","Orange County Sports Complex (NC), 101 Meadowlands Dr, Hillsborough, NC 27278",W,4,7,
ecu-away-duke-university-20231021,2023-2024,2023-10-21,02:15:00,2023-10-21T02:15:00Z,Duke University,East Carolina University,Duke University,Away,"Orange County Sports Complex (NC), 101 Meadowlands Dr, Hillsborough, NC 27278","Orange County Sports Complex (NC), 101 Meadowlands Dr, Hillsborough, NC 27278",W,4,7,
ecu-home-5-20231021,2023-2024,2023-10-21,23:00:00,2023-10-21T23:00:00Z,East Carolina University,5,5,Home,Elon,Elon,Scheduled,,,https://www.ecuhockey.com/tickets
game-vs-elon-on-10212023-lmo2zxiw,2023-2024,2023-10-22,02:15:00,2023-10-22T02:15:00Z,Elon University,East Carolina University,Elon University,Away,"Orange County Sports Complex (NC), 101 Meadowlands Dr, Hillsborough, NC 27278","Orange County Sports Complex (NC), 101 Meadowlands Dr, Hillsborough, NC 27278",W,4,5,
ecu-away-elon-university-20231022,2023-2024,2023-10-22,02:15:00,2023-10-22T02:15:00Z,Elon University,East Carolina University,Elon University,Away,"Orange County Sports Complex (NC), 101 Meadowlands Dr, Hillsborough, NC 27278","Orange County Sports Complex (NC), 101 Meadowlands Dr, Hillsborough, NC 27278",W,4,5,
game-vs-ucf-on-10272023-lmo339na,2023-2024,2023-10-28,01:00:00,2023-10-28T01:00:00Z,East Carolina University,UCF,UCF,Home,Carolina Ice Zone,Carolina Ice Zone,Scheduled,,,https://www.ecuhockey.com/tickets
ecu-away-unc-wilmington-20231028,2023-2024,2023-10-28,02:00:00,2023-10-28T02:00:00Z,UNC Wilmington,East Carolina University,UNC Wilmington,Away,Wilmington Ice House,Wilmington Ice House,Postponed,,,
game-vs-ucf-on-10282023-lmo342v8,2023-2024,2023-10-29,01:00:00,2023-10-29T01:00:00Z,East Carolina University,UCF,UCF,Home,Carolina Ice Zone,Carolina Ice Zone,Scheduled,,,https://www.ecuhockey.com/tickets
game-vs-st-joes-on-11032023-lncalx7o,2023-2024,2023-11-03,18:45:00,2023-11-03T18:45:00Z,St. Joes,East Carolina University,St. Joes,Away,"The St. James (6805 Industrial Rd. Springfield, VA 22151)","The St. James (6805 Industrial Rd. Springfield, VA 22151)",W,3,4,
ecu-home-saint-josephs-university-20231103,2023-2024,2023-11-03,18:45:00,2023-11-03T18:45:00Z,East Carolina University,Saint Josephs University,Saint Josephs University,Home,"St. James Sports Complex, Springfield, VA","St. James Sports Complex, Springfield, VA",W,4,3,https://www.ecuhockey.com/tickets
ecu-home-3-20231103,2023-2024,2023-11-03,23:00:00,2023-11-03T23:00:00Z,East Carolina University,3,3,Home,St Joseph's,St Joseph's,Scheduled,,,https://www.ecuhockey.com/tickets
game-vs-charlotte-on-11042023-lncamkln,2023-2024,2023-11-04,15:30:00,2023-11-04T15:30:00Z,UNC Charlotte,East Carolina University,UNC Charlotte,Away,"St. James Sports Complex, Springfield, VA","St. James Sports Complex, Springfield, VA",L,6,2,
ecu-away-unc-charlotte-20231104,2023-2024,2023-11-04,15:30:00,2023-11-04T15:30:00Z,UNC Charlotte,East Carolina University,UNC Charlotte,Away,"St. James Sports Complex, Springfield, VA","St. James Sports Complex, Springfield, VA",L,6,2,
ecu-home-6-20231104,2023-2024,2023-11-04,23:00:00,2023-11-04T23:00:00Z,East Carolina University,6,6,Home,East Carolina,East Carolina,Scheduled,,,https://www.ecuhockey.com/tickets
game-vs-duke-on-11052023-lncanszc,2023-2024,2023-11-05,12:15:00,2023-11-05T12:15:00Z,Duke University,East Carolina University,Duke University,Away,"The St. James (6805 Industrial Rd. Springfield, VA 22151)","The St. James (6805 Industrial Rd. Springfield, VA 22151)",L,4,3,
ecu-home-duke-university-20231105,2023-2024,2023-11-05,12:15:00,2023-11-05T12:15:00Z,East Carolina University,Duke University,Duke University,Home,"St. James Sports Complex, Springfield, VA","St. James Sports Complex, Springfield, VA",W,4,3,https://www.ecuhockey.com/tickets
ecu-home-4-20231106,2023-2024,2023-11-06,00:00:00,2023-11-06T00:00:00Z,East Carolina University,4,4,Home,Duke,Duke,Scheduled,,,https://www.ecuhockey.com/tickets
ecu-home-2-20231111,2023-2024,2023-11-11,00:00:00,2023-11-11T00:00:00Z,East Carolina University,2,2,Home,West Virginia M2,West Virginia M2,Scheduled,,,https://www.ecuhockey.com/tickets
game-vs-west-virginia-universtiy-on-11102023-lmo354ds,2023-2024,2023-11-11,01:30:00,2023-11-11T01:30:00Z,West Virginia University,East Carolina University,West Virginia University,Away,"Morgantown Ice Arena (WV), 1001 Mississippi Street, Morgantown, WV 26505","Morgantown Ice Arena (WV), 1001 Mississippi Street, Morgantown, WV 26505",L,9,2,
ecu-away-west-virginia-university-20231111,2023-2024,2023-11-11,01:30:00,2023-11-11T01:30:00Z,West Virginia University,East Carolina University,West Virginia University,Away,"Morgantown Ice Arena (WV), 1001 Mississippi Street, Morgantown, WV 26505","Morgantown Ice Arena (WV), 1001 Mississippi Street, Morgantown, WV 26505",L,9,2,
game-vs-west-virginia-universtiy-on-11112023-lmo35pyx,2023-2024,2023-11-11,23:45:00,2023-11-11T23:45:00Z,West Virginia Universtiy,East Carolina University,West Virginia Universtiy,Away,Morgantown Ice Arena,Morgantown Ice Arena,Scheduled,,,
ecu-home-7-20240113,2023-2024,2024-01-13,00:00:00,2024-01-13T00:00:00Z,East Carolina University,7,7,Home,Elon,Elon,Scheduled,,,https://www.ecuhockey.com/tickets
game-vs-elon-on-01122024-lrazkz3b,2023-2024,2024-01-13,03:15:00,2024-01-13T03:15:00Z,Elon University,East Carolina University,Elon University,Away,"Orange County Sports Complex (NC), 101 Meadowlands Dr, Hillsborough, NC 27278","Orange County Sports Complex (NC), 101 Meadowlands Dr, Hillsborough, NC 27278",W,1,7,
ecu-away-elon-university-20240113,2023-2024,2024-01-13,03:15:00,2024-01-13T03:15:00Z,Elon University,East Carolina University,Elon University,Away,"Orange County Sports Complex (NC), 101 Meadowlands Dr, Hillsborough, NC 27278","Orange County Sports Complex (NC), 101 Meadowlands Dr, Hillsborough, NC 27278",W,1,7,
game-vs-stevenson-on-01192024-lrazm0k1,2023-2024,2024-01-19,23:00:00,2024-01-19T23:00:00Z,Stevenson,East Carolina University,Stevenson,Away,Reisterstown Sportsplex,Reisterstown Sportsplex,Cancelled,,,
game-vs-stevenson-on-01202024-lrazmqh1,2023-2024,2024-01-20,19:00:00,2024-01-20T19:00:00Z,Stevenson,East Carolina University,Stevenson,Away,Reisterstown Sportsplex,Reisterstown Sportsplex,Cancelled,,,
game-vs-wake-forest-university-on-01262024-lrazpgs0,2023-2024,2024-01-26,23:30:00,2024-01-26T23:30:00Z,Wake Forest University,East Carolina University,Wake Forest University,Away,"Winston-Salem Fairgrounds Annex, Winston-Salem, NC","Winston-Salem Fairgrounds Annex, Winston-Salem, NC",W,3,6,
ecu-away-wake-forest-university-20240126,2023-2024,2024-01-26,23:30:00,2024-01-26T23:30:00Z,Wake Forest University,East Carolina University,Wake Forest University,Away,"Winston-Salem Fairgrounds Annex, Winston-Salem, NC","Winston-Salem Fairgrounds Annex, Winston-Salem, NC",W,3,6,
ecu-home-6-20240127,2023-2024,2024-01-27,00:00:00,2024-01-27T00:00:00Z,East Carolina University,6,6,Home,Wake Forest M2,Wake Forest M2,Scheduled,,,https://www.ecuhockey.com/tickets
ecu-home-5-20240204,2023-2024,2024-02-04,00:00:00,2024-02-04T00:00:00Z,East Carolina University,5,5,Home,Elon,Elon,Scheduled,,,https://www.ecuhockey.com/tickets
game-vs-elon-on-01122024-lrazq9o2,2023-2024,2024-02-04,02:15:00,2024-02-04T02:15:00Z,East Carolina University,Elon University,Elon University,Home,Carolina Ice Zone,Carolina Ice Zone,Cancelled,,,https://www.ecuhockey.com/tickets
ecu-home-3-20240211,2023-2024,2024-02-11,00:00:00,2024-02-11T00:00:00Z,East Carolina University,3,3,Home,Wake Forest M2,Wake Forest M2,Scheduled,,,https://www.ecuhockey.com/tickets
game-vs-wake-forest-university-on-02102024-lrazrqyq,2023-2024,2024-02-11,02:00:00,2024-02-11T02:00:00Z,Wake Forest University,East Carolina University,Wake Forest University,Away,"Winston-Salem Fairgrounds Annex, Winston-Salem, NC","Winston-Salem Fairgrounds Annex, Winston-Salem, NC",L,4,3,
ecu-away-wake-forest-university-20240211,2023-2024,2024-02-11,02:00:00,2024-02-11T02:00:00Z,Wake Forest University,East Carolina University,Wake Forest University,Away,"Winston-Salem Fairgrounds Annex, Winston-Salem, NC","Winston-Salem Fairgrounds Annex, Winston-Salem, NC",L,4,3,
game-vs-charlotte-on-02152024-lsj9ioo4,2023-2024,2024-02-16,00:30:00,2024-02-16T00:30:00Z,UNC Charlotte,East Carolina University,UNC Charlotte,Away,Winston-Salem Fairgrounds Annex,Winston-Salem Fairgrounds Annex,L,7,4,
game-vs-uncw-on-09062024-lyiv7z2y,2024-2025,2024-09-07,00:00:00,2024-09-07T00:00:00Z,UNC Wilmington,East Carolina University,UNC Wilmington,Away,"Polar Ice Wilmington, Wilmington, NC","Polar Ice Wilmington, Wilmington, NC",L,4,3,
ecu-away-unc-wilmington-20240907,2024-2025,2024-09-07,00:00:00,2024-09-07T00:00:00Z,UNC Wilmington,East Carolina University,UNC Wilmington,Away,"Polar Ice Wilmington, Wilmington, NC","Polar Ice Wilmington, Wilmington, NC",L,4,3,
game-vs-uncw-on-09072024-lyiv9f98,2024-2025,2024-09-08,02:00:00,2024-09-08T02:00:00Z,UNC Wilmington,East Carolina University,UNC Wilmington,Away,"Polar Ice Wilmington, Wilmington, NC","Polar Ice Wilmington, Wilmington, NC",W,2,4,
ecu-away-unc-wilmington-20240908,2024-2025,2024-09-08,02:00:00,2024-09-08T02:00:00Z,UNC Wilmington,East Carolina University,UNC Wilmington,Away,"Polar Ice Wilmington, Wilmington, NC","Polar Ice Wilmington, Wilmington, NC",W,2,4,
game-vs-wake-forest-university-on-09212024-lyivcqpj,2024-2025,2024-09-21,22:00:00,2024-09-21T22:00:00Z,East Carolina University,Wake Forest University,Wake Forest University,Home,Cleland Ice/In-Line Skating Rink/Park,Cleland Ice/In-Line Skating Rink/Park,L,5,7,https://www.ecuhockey.com/tickets
game-vs-elon-on-10042024-lyivf1e9,2024-2025,2024-10-05,01:15:00,2024-10-05T01:15:00Z,East Carolina University,Elon University,Elon University,Home,Carolina Ice Zone,Carolina Ice Zone,Cancelled,,,https://www.ecuhockey.com/tickets
game-vs-high-point-on-10112024-lz8g6wol,2024-2025,2024-10-12,00:15:00,2024-10-12T00:15:00Z,Appalachian State University,East Carolina University,Appalachian State University,Away,Greensboro Ice House,Greensboro Ice House,W,3,6,
game-vs-george-washington-university-on-10252024-lyiyje16,2024-2025,2024-10-26,02:30:00,2024-10-26T02:30:00Z,George Washington,East Carolina University,George Washington,Away,"Springfield, VA, USA","Springfield, VA, USA",L,7,6,
ecu-away-george-washington-20241025,2024-2025,2024-10-26,02:30:00,2024-10-26T02:30:00Z,George Washington,East Carolina University,George Washington,Away,"Springfield, VA, USA","Springfield, VA, USA",L,7,6,
game-vs-wake-forest-university-on-10262024-lyiylfdj,2024-2025,2024-10-26,23:30:00,2024-10-26T23:30:00Z,Wake Forest M2,East Carolina University,Wake Forest M2,Away,"Winston-Salem Fairgrounds Annex, Winston-Salem, NC","Winston-Salem Fairgrounds Annex, Winston-Salem, NC",L,4,0,
ecu-away-wake-forest-m2-20241026,2024-2025,2024-10-26,23:30:00,2024-10-26T23:30:00Z,Wake Forest M2,East Carolina University,Wake Forest M2,Away,"Winston-Salem Fairgrounds Annex, Winston-Salem, NC","Winston-Salem Fairgrounds Annex, Winston-Salem, NC",L,4,0,
game-vs-tbd-on-11012024-lyixzd7k,2024-2025,2024-11-01,18:45:00,2024-11-01T18:45:00Z,St. Joesph's,East Carolina University,St. Joesph's,Away,"The St. James - Springfield, VA","The St. James - Springfield, VA",W,2,5,
ecu-home-saint-josephs-university-20241101,2024-2025,2024-11-01,18:45:00,2024-11-01T18:45:00Z,East Carolina University,Saint Josephs University,Saint Josephs University,Home,"St. James Sports Complex, Springfield, VA","St. James Sports Complex, Springfield, VA",L,2,3,https://www.ecuhockey.com/tickets
ecu-away-saint-joseph-s-university-20241101,2024-2025,2024-11-01,23:00:00,2024-11-01T23:00:00Z,Saint Joseph's University,East Carolina University,Saint Joseph's University,Away,"Springfield, VA, USA","Springfield, VA, USA",L,5,2,
ecu-home-george-washington-university-20241102,2024-2025,2024-11-02,17:00:00,2024-11-02T17:00:00Z,East Carolina University,George Washington University,George Washington University,Home,"St. James Sports Complex, Springfield, VA","St. James Sports Complex, Springfield, VA",L,3,5,https://www.ecuhockey.com/tickets
game-vs-tbd-on-11022024-lyiy0ax4,2024-2025,2024-11-02,23:00:00,2024-11-02T23:00:00Z,George Washington,East Carolina University,George Washington,Away,"Springfield, VA, USA","Springfield, VA, USA",L,6,4,
ecu-away-george-washington-20241102,2024-2025,2024-11-02,23:00:00,2024-11-02T23:00:00Z,George Washington,East Carolina University,George Washington,Away,"Springfield, VA, USA","Springfield, VA, USA",L,6,4,
game-vs-tbd-on-11032024-lyiy0vyu,2024-2025,2024-11-03,14:45:00,2024-11-03T14:45:00Z,Denison University,East Carolina University,Denison University,Away,"St. James Sports Complex, Springfield, VA","St. James Sports Complex, Springfield, VA",W,4,5,
ecu-away-denison-university-20241103,2024-2025,2024-11-03,14:45:00,2024-11-03T14:45:00Z,Denison University,East Carolina University,Denison University,Away,"St. James Sports Complex, Springfield, VA","St. James Sports Complex, Springfield, VA",W,4,5,
ecu-home-denison-20241104,2024-2025,2024-11-04,00:00:00,2024-11-04T00:00:00Z,East Carolina University,Denison,Denison,Home,"Springfield, VA, USA","Springfield, VA, USA",L,4,5,https://www.ecuhockey.com/tickets
game-vs-uva-on-11112024-lyiwhvn6,2024-2025,2024-11-10,00:00:00,2024-11-10T00:00:00Z,University of Virginia,East Carolina University,University of Virginia,Away,"Richmond, VA, USA","Richmond, VA, USA",L,5,2,
ecu-away-university-of-virginia-20241110,2024-2025,2024-11-10,00:00:00,2024-11-10T00:00:00Z,University of Virginia,East Carolina University,University of Virginia,Away,"Richmond, VA, USA","Richmond, VA, USA",L,5,2,
game-vs-uva-on-11102024-lyiwik7v,2024-2025,2024-11-11,00:00:00,2024-11-11T00:00:00Z,University of Virginia,East Carolina University,University of Virginia,Away,"Richmond, VA, USA","Richmond, VA, USA",W,5,6,
ecu-away-university-of-virginia-20241111,2024-2025,2024-11-11,00:00:00,2024-11-11T00:00:00Z,University of Virginia,East Carolina University,University of Virginia,Away,"Richmond, VA, USA","Richmond, VA, USA",W,5,6,
game-vs-south-carolina-on-11162024-m3bz3zlc,2024-2025,2024-11-16,01:00:00,2024-11-16T01:00:00Z,South Carolina,East Carolina University,South Carolina,Away,Flight Adventure Park Irmo,Flight Adventure Park Irmo,W,1,3,
game-vs-south-carolina-on-11162024-m3bz4x9k,2024-2025,2024-11-16,15:00:00,2024-11-16T15:00:00Z,South Carolina,East Carolina University,South Carolina,Away,Flight Adventure Park Irmo,Flight Adventure Park Irmo,W,1,7,
game-vs-west-chester-university-on-11232024-lyiwuc3k,2024-2025,2024-11-24,02:15:00,2024-11-24T02:15:00Z,East Carolina University,West Chester University,West Chester University,Home,Carolina Ice Zone,Carolina Ice Zone,L,5,11,https://www.ecuhockey.com/tickets
game-vs-west-chester-university-on-11242024-lyiww5sa,2024-2025,2024-11-24,15:30:00,2024-11-24T15:30:00Z,East Carolina University,West Chester University,West Chester University,Home,Carolina Ice Zone,Carolina Ice Zone,L,3,4,https://www.ecuhockey.com/tickets
game-vs-ucf-on-01112025-lyiwyiqy,2024-2025,2025-01-11,21:00:00,2025-01-11T21:00:00Z,UCF,East Carolina University,UCF,Away,Orlando Ice Den,Orlando Ice Den,W,4,6,
game-vs-ucf-on-01102025-lyiwxkmn,2024-2025,2025-01-12,16:00:00,2025-01-12T16:00:00Z,UCF,East Carolina University,UCF,Away,Orlando Ice Den,Orlando Ice Den,W,4,13,
game-vs-duke-on-01172025-lyiwzma7,2024-2025,2025-01-18,00:00:00,2025-01-18T00:00:00Z,Duke University,East Carolina University,Duke University,Away,"Hillsborough, NC, USA","Hillsborough, NC, USA",W,2,7,
ecu-away-duke-university-20250118,2024-2025,2025-01-18,00:00:00,2025-01-18T00:00:00Z,Duke University,East Carolina University,Duke University,Away,"Hillsborough, NC, USA","Hillsborough, NC, USA",W,2,7,
game-vs-duke-on-01182025-m61u4305,2024-2025,2025-01-19,02:15:55,2025-01-19T02:15:55Z,East Carolina University,Duke University,Duke University,Home,Carolina Ice Zone,Carolina Ice Zone,W,7,4,https://www.ecuhockey.com/tickets
game-vs-elon-on-01252025-lyix15zn,2024-2025,2025-01-26,02:15:00,2025-01-26T02:15:00Z,East Carolina University,Citadel,Citadel,Home,Carolina Ice Zone,Carolina Ice Zone,W,8,0,https://www.ecuhockey.com/tickets
game-vs-citadel-on-01262025-lzen0bl8,2024-2025,2025-01-26,15:30:00,2025-01-26T15:30:00Z,East Carolina University,Citadel,Citadel,Home,Carolina Ice Zone,Carolina Ice Zone,W,6,3,https://www.ecuhockey.com/tickets
game-vs-duke-on-02012025-lyix3sgi,2024-2025,2025-02-02,02:15:00,2025-02-02T02:15:00Z,East Carolina University,Duke University,Duke University,Home,Carolina Ice Zone,Carolina Ice Zone,Cancelled,,,https://www.ecuhockey.com/tickets
game-vs-high-point-on-02022025-lz8g8e4n,2024-2025,2025-02-02,14:00:00,2025-02-02T14:00:00Z,High Point University,East Carolina University,High Point University,Away,Greensboro Ice House,Greensboro Ice House,Cancelled,,,
ecu-home-university-of-richmond-20250208,2024-2025,2025-02-08,20:00:00,2025-02-08T20:00:00Z,East Carolina University,University of Richmond,University of Richmond,Home,Richmond Ice Zone,Richmond Ice Zone,L,3,8,https://www.ecuhockey.com/tickets
game-vs-richmond-university-on-02082025-lyix5zzl,2024-2025,2025-02-09,00:00:00,2025-02-09T00:00:00Z,University of Richmond,East Carolina University,University of Richmond,Away,"Richmond, VA, USA","Richmond, VA, USA",W,2,8,
ecu-away-university-of-richmond-20250209,2024-2025,2025-02-09,00:00:00,2025-02-09T00:00:00Z,University of Richmond,East Carolina University,University of Richmond,Away,"Richmond, VA, USA","Richmond, VA, USA",W,2,8,
game-vs-richmond-university-on-02092025-lyix7cqn,2024-2025,2025-02-10,00:00:00,2025-02-10T00:00:00Z,University of Richmond,East Carolina University,University of Richmond,Away,Richmond Ice Zone,Richmond Ice Zone,L,8,3,
ecu-away-university-of-richmond-20250210,2024-2025,2025-02-10,00:00:00,2025-02-10T00:00:00Z,University of Richmond,East Carolina University,University of Richmond,Away,Richmond Ice Zone,Richmond Ice Zone,L,8,3,
game-vs-alabama-d3-on-09122025-mem3yhoz,2025-2026,2025-09-13,00:00:00,2025-09-13T00:00:00Z,University of Alabama,East Carolina University,University of Alabama,Away,"Pelham Civic Complex (AL), 500 Amphitheater Rd, Pelham, AL 35124","Pelham Civic Complex (AL), 500 Amphitheater Rd, Pelham, AL 35124",L,6,3,
ecu-away-university-of-alabama-20250913,2025-2026,2025-09-13,00:00:00,2025-09-13T00:00:00Z,University of Alabama,East Carolina University,University of Alabama,Away,"Pelham Civic Complex (AL), 500 Amphitheater Rd, Pelham, AL 35124","Pelham Civic Complex (AL), 500 Amphitheater Rd, Pelham, AL 35124",L,6,3,
game-vs-alabama-d3-on-09142025-mem3zdgh,2025-2026,2025-09-14,15:30:00,2025-09-14T15:30:00Z,University of Alabama,East Carolina University,University of Alabama,Away,"Pelham Civic Complex (AL), 500 Amphitheater Rd, Pelham, AL 35124","Pelham Civic Complex (AL), 500 Amphitheater Rd, Pelham, AL 35124",L,9,2,
ecu-away-university-of-alabama-20250914,2025-2026,2025-09-14,15:30:00,2025-09-14T15:30:00Z,University of Alabama,East Carolina University,University of Alabama,Away,"Pelham Civic Complex (AL), 500 Amphitheater Rd, Pelham, AL 35124","Pelham Civic Complex (AL), 500 Amphitheater Rd, Pelham, AL 35124",L,9,2,
game-vs-uncw-on-09192025-mem48718,2025-2026,2025-09-20,02:00:00,2025-09-20T02:00:00Z,UNC Wilmington,East Carolina University,UNC Wilmington,Away,"Polar Ice Wilmington, Wilmington, NC","Polar Ice Wilmington, Wilmington, NC",L,7,1,
ecu-away-unc-wilmington-20250920,2025-2026,2025-09-20,02:00:00,2025-09-20T02:00:00Z,UNC Wilmington,East Carolina University,UNC Wilmington,Away,"Polar Ice Wilmington, Wilmington, NC","Polar Ice Wilmington, Wilmington, NC",L,7,1,
game-vs-stevenson-on-09262025-mem4efvl,2025-2026,2025-09-26,22:00:00,2025-09-26T22:00:00Z,Stevenson University,East Carolina University,Stevenson University,Away,"Reisterstown SportsPlex, Reisterstown, MD","Reisterstown SportsPlex, Reisterstown, MD",W,5,7,
ecu-away-stevenson-university-20250926,2025-2026,2025-09-26,22:00:00,2025-09-26T22:00:00Z,Stevenson University,East Carolina University,Stevenson University,Away,"Reisterstown SportsPlex, Reisterstown, MD","Reisterstown SportsPlex, Reisterstown, MD",W,5,7,
game-vs-william-mary-on-09272025-mfq2u6vd,2025-2026,2025-09-27,18:30:00,2025-09-27T18:30:00Z,William & Mary,East Carolina University,William & Mary,Away,"Chilled Ponds Yorktown - 401 Village Ave, Yorktown, VA 23693","Chilled Ponds Yorktown - 401 Village Ave, Yorktown, VA 23693",W,6,7,
game-vs-wake-forest-university-on-10032025-mem4hx7c,2025-2026,2025-10-04,00:00:00,2025-10-04T00:00:00Z,Wake Forest University,East Carolina University,Wake Forest University,Away,The Annex at Winston-Salem Fairgrounds,The Annex at Winston-Salem Fairgrounds,W,3,4,
game-vs-elon-on-10042025-mem4m9k0,2025-2026,2025-10-05,02:15:00,2025-10-05T02:15:00Z,Elon University,East Carolina University,Elon University,Away,"Hillsborough, NC, USA","Hillsborough, NC, USA",L,5,3,
ecu-away-elon-university-20251004,2025-2026,2025-10-05,02:15:00,2025-10-05T02:15:00Z,Elon University,East Carolina University,Elon University,Away,"Hillsborough, NC, USA","Hillsborough, NC, USA",L,5,3,
game-vs-coastal-carolina-on-10102025-mermfunl,2025-2026,2025-10-10,23:30:00,2025-10-10T23:30:00Z,East Carolina University,Coastal Carolina,Coastal Carolina,Home,"Cleland Ice Area, Ft. Bragg, NC","Cleland Ice Area, Ft. Bragg, NC",Cancelled,,,https://www.ecuhockey.com/tickets
game-vs-coastal-carolina-on-10112025-met2yngy,2025-2026,2025-10-11,16:30:00,2025-10-11T16:30:00Z,East Carolina University,Coastal Carolina,Coastal Carolina,Home,"Cleland Ice Area - Ft. Bragg, NC","Cleland Ice Area - Ft. Bragg, NC",Cancelled,,,https://www.ecuhockey.com/tickets
game-vs-charlotte-on-10182025-memu79jc,2025-2026,2025-10-18,23:00:00,2025-10-18T23:00:00Z,UNC Charlotte,East Carolina University,UNC Charlotte,Away,Extreme Ice Center,Extreme Ice Center,W,2,5,
ecu-away-unc-charlotte-20251018,2025-2026,2025-10-18,23:00:00,2025-10-18T23:00:00Z,UNC Charlotte,East Carolina University,UNC Charlotte,Away,Extreme Ice Center,Extreme Ice Center,W,2,5,
ecu-home-appalachian-state-university-20251024,2025-2026,2025-10-24,23:00:00,2025-10-24T23:00:00Z,East Carolina University,Appalachian State University,Appalachian State University,Home,"Fayetteville, NC, USA","Fayetteville, NC, USA",W,6,4,https://www.ecuhockey.com/tickets
game-vs-appalachian-state-on-10242025-memu9g3k,2025-2026,2025-10-25,22:30:00,2025-10-25T22:30:00Z,East Carolina University,Appalachian State University,Appalachian State University,Home,Cleland Ice Arean - Ft. Bragg,Cleland Ice Arean - Ft. Bragg,W,6,4,https://www.ecuhockey.com/tickets
ecu-away-appalachian-state-university-20251025,2025-2026,2025-10-25,23:00:00,2025-10-25T23:00:00Z,Appalachian State University,East Carolina University,Appalachian State University,Away,"Fayetteville, NC, USA","Fayetteville, NC, USA",L,7,4,
game-vs-appalachian-state-on-10252025-memuafxd,2025-2026,2025-10-26,18:00:00,2025-10-26T18:00:00Z,Appalachian State University,East Carolina University,Appalachian State University,Away,Cleland Ice Area - Ft. Bragg,Cleland Ice Area - Ft. Bragg,W,4,7,
game-vs-north-carolina-on-11072025-met31ocx,2025-2026,2025-11-08,02:15:00,2025-11-08T02:15:00Z,East Carolina University,University of North Carolina,University of North Carolina,Home,"Carolina Ice Zone - Greenville, NC","Carolina Ice Zone - Greenville, NC",L,2,8,https://www.ecuhockey.com/tickets
game-vs-tbd-on-11142025-memuboc2,2025-2026,2025-11-14,14:45:00,2025-11-14T14:45:00Z,Georgetown University,East Carolina University,Georgetown University,Away,ACCHL FALL CLASSIC,ACCHL FALL CLASSIC,L,5,1,
ecu-home-georgetown-university-20251115,2025-2026,2025-11-15,00:00:00,2025-11-15T00:00:00Z,East Carolina University,Georgetown University,Georgetown University,Home,"Springfield, VA, USA - The Saint James","Springfield, VA, USA - The Saint James",W,5,1,https://www.ecuhockey.com/tickets
game-vs-tbd-on-11152025-memucmlv,2025-2026,2025-11-15,13:15:00,2025-11-15T13:15:00Z,St. Joesph's,East Carolina University,St. Joesph's,Away,ACCHL FALL CLASSIC,ACCHL FALL CLASSIC,W,0,8,
ecu-home-saint-josephs-university-20251115,2025-2026,2025-11-15,13:15:00,2025-11-15T13:15:00Z,East Carolina University,Saint Josephs University,Saint Josephs University,Home,"St. James Sports Complex, Springfield, VA","St. James Sports Complex, Springfield, VA",L,0,8,https://www.ecuhockey.com/tickets
ecu-away-saint-joseph-s-university-20251116,2025-2026,2025-11-16,00:00:00,2025-11-16T00:00:00Z,Saint Joseph's University,East Carolina University,Saint Joseph's University,Away,"Springfield, VA, USA - The Saint James","Springfield, VA, USA - The Saint James",L,8,0,
ecu-home-james-madison-university-20251116,2025-2026,2025-11-16,17:00:00,2025-11-16T17:00:00Z,East Carolina University,James Madison University,James Madison University,Home,"St. James Sports Complex, Springfield, VA","St. James Sports Complex, Springfield, VA",W,5,4,https://www.ecuhockey.com/tickets
game-vs-tbd-on-11162025-memudccm,2025-2026,2025-11-17,00:00:00,2025-11-17T00:00:00Z,James Madison University (M2),East Carolina University,James Madison University (M2),Away,"Springfield, VA, USA - The Saint James","Springfield, VA, USA - The Saint James",W,4,5,
ecu-away-james-madison-university-m2-20251117,2025-2026,2025-11-17,00:00:00,2025-11-17T00:00:00Z,James Madison University (M2),East Carolina University,James Madison University (M2),Away,"Springfield, VA, USA - The Saint James","Springfield, VA, USA - The Saint James",W,4,5,
ecu-home-georgia-tech-20251121,2025-2026,2025-11-21,00:00:00,2025-11-21T00:00:00Z,East Carolina University,Georgia Tech,Georgia Tech,Home,"Fayetteville, NC, USA","Fayetteville, NC, USA",W,3,2,https://www.ecuhockey.com/tickets
game-vs-georgia-tech-on-11202025-memuks0e,2025-2026,2025-11-21,00:30:00,2025-11-21T00:30:00Z,Georgia Tech,East Carolina University,Georgia Tech,Away,"Truist Field - Charlotte, NC","Truist Field - Charlotte, NC",L,3,2,
ecu-home-georgia-tech-20251122,2025-2026,2025-11-22,00:00:00,2025-11-22T00:00:00Z,East Carolina University,Georgia Tech,Georgia Tech,Home,"Fayetteville, NC, USA","Fayetteville, NC, USA",W,3,2,https://www.ecuhockey.com/tickets
game-vs-wake-forest-university-on-01102026-mk3el4qc,2025-2026,2026-01-10,18:15:00,2026-01-10T18:15:00Z,Wake Forest University,East Carolina University,Wake Forest University,Away,"Winston-Salem Fairgrounds Annex, Winston-Salem, NC","Winston-Salem Fairgrounds Annex, Winston-Salem, NC",L,5,1,
ecu-away-wake-forest-university-20260110,2025-2026,2026-01-10,18:15:00,2026-01-10T18:15:00Z,Wake Forest University,East Carolina University,Wake Forest University,Away,"Winston-Salem Fairgrounds Annex, Winston-Salem, NC","Winston-Salem Fairgrounds Annex, Winston-Salem, NC",L,5,1,
game-vs-wake-forest-university-on-01112026-mk3em7yt,2025-2026,2026-01-11,16:00:00,2026-01-11T16:00:00Z,Wake Forest University,East Carolina University,Wake Forest University,Away,"Winston-Salem Fairgrounds Annex, Winston-Salem, NC","Winston-Salem Fairgrounds Annex, Winston-Salem, NC",L,7,4,
ecu-away-wake-forest-university-20260111,2025-2026,2026-01-11,16:00:00,2026-01-11T16:00:00Z,Wake Forest University,East Carolina University,Wake Forest University,Away,"Winston-Salem Fairgrounds Annex, Winston-Salem, NC","Winston-Salem Fairgrounds Annex, Winston-Salem, NC",L,7,4,
game-vs-george-washington-university-on-01172026-mk3enp8g,2025-2026,2026-01-18,02:15:00,2026-01-18T02:15:00Z,East Carolina University,George Washington University,George Washington University,Home,"Carolina Ice Zone - Greenville, NC","Carolina Ice Zone - Greenville, NC",W,6,4,https://www.ecuhockey.com/tickets
ecu-home-george-washington-university-20260119,2025-2026,2026-01-19,00:45:00,2026-01-19T00:45:00Z,East Carolina University,George Washington University,George Washington University,Home,"Carolina Ice Zone, Greenville, NC","Carolina Ice Zone, Greenville, NC",W,6,4,https://www.ecuhockey.com/tickets
game-vs-charlotte-on-01232026-mk3epgxf,2025-2026,2026-01-23,17:00:00,2026-01-23T17:00:00Z,UNC Charlotte,East Carolina University,UNC Charlotte,Away,"Garner Ice House - Garner, NC","Garner Ice House - Garner, NC",L,3,0,
ecu-home-unc-charlotte-20260124,2025-2026,2026-01-24,00:00:00,2026-01-24T00:00:00Z,East Carolina University,UNC Charlotte,UNC Charlotte,Home,"Greenville, NC, USA","Greenville, NC, USA",W,3,0,https://www.ecuhockey.com/tickets
game-vs-elon-on-01242026-mk3eqlfs,2025-2026,2026-01-25,02:15:00,2026-01-25T02:15:00Z,East Carolina University,Elon University,Elon University,Home,"Carolina Ice Zone - Greenville, NC","Carolina Ice Zone - Greenville, NC",Cancelled,,,https://www.ecuhockey.com/tickets
game-vs-elon-on-02062026-mk3es0pl,2025-2026,2026-02-07,03:15:00,2026-02-07T03:15:00Z,Elon University,East Carolina University,Elon University,Away,"Orange County Sports Complex (NC), 101 Meadowlands Dr, Hillsborough, NC 27278","Orange County Sports Complex (NC), 101 Meadowlands Dr, Hillsborough, NC 27278",L,9,2,
ecu-away-elon-university-20260207,2025-2026,2026-02-07,03:15:00,2026-02-07T03:15:00Z,Elon University,East Carolina University,Elon University,Away,"Orange County Sports Complex (NC), 101 Meadowlands Dr, Hillsborough, NC 27278","Orange County Sports Complex (NC), 101 Meadowlands Dr, Hillsborough, NC 27278",L,9,2,
game-vs-appalachian-state-on-02102026-mlhd2qyg,2025-2026,2026-02-10,21:16:02,2026-02-10T21:16:02Z,Appalachian State University,East Carolina University,Appalachian State University,Away,Winston-Salem Fairgrounds Annex,Winston-Salem Fairgrounds Annex,W,4,6,
game-vs-alabama-d2-on-09042026-mrxghe3d,2026-2027,2026-09-05,00:00:00,2026-09-05T00:00:00Z,University of Alabama (D2),East Carolina University,University of Alabama (D2),Away,"Pelham Civic Complex, Pelham, AL, 35124","Pelham Civic Complex, Pelham, AL, 35124",L,4,3,
game-vs-alabama-d2-on-09062026-mrxgj4xd,2026-2027,2026-09-06,17:00:00,2026-09-06T17:00:00Z,University of Alabama (D2),East Carolina University,University of Alabama (D2),Away,"Pelham Civic Complex, Pelham, AL, 35124","Pelham Civic Complex, Pelham, AL, 35124",W,4,11,
game-vs-duke-on-07232026-mrxgoqop,2026-2027,2026-09-12,01:00:00,2026-09-12T01:00:00Z,East Carolina University,Elon University,Elon University,Home,"Carolina Ice Zone, Greenville, NC, 27858","Carolina Ice Zone, Greenville, NC, 27858",L,1,3,https://www.ecuhockey.com/tickets
game-vs-charlotte-on-09192026-mrxgmz79,2026-2027,2026-09-20,01:30:00,2026-09-20T01:30:00Z,UNC Charlotte,East Carolina University,UNC Charlotte,Away,Extreme Ice Center,Extreme Ice Center,Scheduled,,,
game-vs-charlotte-on-10092026-msyx0jgc,2026-2027,2026-10-10,01:00:00,2026-10-10T01:00:00Z,UNC Charlotte,East Carolina University,UNC Charlotte,Away,Extreme Ice Center,Extreme Ice Center,Scheduled,,,
ecu-away-unc-charlotte-20261010,2026-2027,2026-10-10,01:00:00,2026-10-10T01:00:00Z,UNC Charlotte,East Carolina University,UNC Charlotte,Away,Extreme Ice Center,Extreme Ice Center,Scheduled,,,
game-vs-clemson-on-07232026-mrxgwmq7,2026-2027,2026-10-17,02:00:00,2026-10-17T02:00:00Z,Clemson University,East Carolina University,Clemson University,Away,"The Pavilion Recreation Complex, Taylors, SC","The Pavilion Recreation Complex, Taylors, SC",Scheduled,,,
ecu-away-clemson-university-20261017,2026-2027,2026-10-17,02:00:00,2026-10-17T02:00:00Z,Clemson University,East Carolina University,Clemson University,Away,"The Pavilion Recreation Complex, Taylors, SC","The Pavilion Recreation Complex, Taylors, SC",Scheduled,,,
game-vs-clemson-on-10182026-mrxgyqol,2026-2027,2026-10-18,14:00:00,2026-10-18T14:00:00Z,Clemson University,East Carolina University,Clemson University,Away,"The Pavilion Recreation Complex, Taylors, SC","The Pavilion Recreation Complex, Taylors, SC",Scheduled,,,
ecu-away-clemson-university-20261018,2026-2027,2026-10-18,14:00:00,2026-10-18T14:00:00Z,Clemson University,East Carolina University,Clemson University,Away,"The Pavilion Recreation Complex, Taylors, SC","The Pavilion Recreation Complex, Taylors, SC",Scheduled,,,
game-vs-george-washington-university-on-10232026-mrxh0vrf,2026-2027,2026-10-24,01:00:00,2026-10-24T01:00:00Z,East Carolina University,George Washington University,George Washington University,Home,"The St. James, Springfield, VA, 22151","The St. James, Springfield, VA, 22151",Scheduled,,,https://www.ecuhockey.com/tickets
game-vs-christopher-newport-on-10242026-mrxh2ee5,2026-2027,2026-10-24,17:45:00,2026-10-24T17:45:00Z,Christopher Newport,East Carolina University,Christopher Newport,Away,"Chilled Ponds, Yorktown, VA, 23693","Chilled Ponds, Yorktown, VA, 23693",Scheduled,,,
game-vs-tbd-on-11062026-mry17c87,2026-2027,2026-11-06,15:30:00,2026-11-06T15:30:00Z,TBD,East Carolina University,TBD,Away,"The St. James, Springfield, VA, 22151","The St. James, Springfield, VA, 22151",Scheduled,,,
game-vs-tbd-on-11072026-mry18jcr,2026-2027,2026-11-07,17:00:00,2026-11-07T17:00:00Z,East Carolina University,TBD,TBD,Home,"The St. James, Springfield, VA, 22151","The St. James, Springfield, VA, 22151",Scheduled,,,https://www.ecuhockey.com/tickets
game-vs-tbd-on-11082026-mry1a33y,2026-2027,2026-11-08,15:00:00,2026-11-08T15:00:00Z,East Carolina University,TBD,TBD,Home,"The St. James, Springfield, VA, 22151","The St. James, Springfield, VA, 22151",Scheduled,,,https://www.ecuhockey.com/tickets
game-vs-high-point-on-11142026-mrxh6oid,2026-2027,2026-11-14,23:45:00,2026-11-14T23:45:00Z,East Carolina University,High Point University,High Point University,Home,"Carolina Ice Zone, Greenville, NC, 27858","Carolina Ice Zone, Greenville, NC, 27858",Scheduled,,,https://www.ecuhockey.com/tickets
game-vs-duke-on-01082027-mry1cna4,2026-2027,2027-01-08,21:45:00,2027-01-08T21:45:00Z,East Carolina University,Duke University,Duke University,Home,"Polar Ice Garner, Garner, NC, 27529","Polar Ice Garner, Garner, NC, 27529",Scheduled,,,https://www.ecuhockey.com/tickets
ecu-away-georgia-tech-20270123,2026-2027,2027-01-23,01:00:00,2027-01-23T01:00:00Z,Georgia Tech,East Carolina University,Georgia Tech,Away,"Atlanta Ice Forum, Duluth, GA.","Atlanta Ice Forum, Duluth, GA.",Scheduled,,,
ecu-away-georgia-tech-20270124,2026-2027,2027-01-24,01:00:00,2027-01-24T01:00:00Z,Georgia Tech,East Carolina University,Georgia Tech,Away,"Atlanta Ice Forum, Duluth, GA.","Atlanta Ice Forum, Duluth, GA.",Scheduled,,,
